country,ethnicity_i,ethnicity_j,gap_mean,gap_se,z,p_raw,p_holm,significant_0.05
Guatemala,Xinca,Maya,-0.1956135964350727,0.1487335987823081,-1.315194401510985,0.18844457622337507,0.18844457622337507,False
Guatemala,Xinca,Ladina/Mestiza,-1.381896782859409,0.1427273196573554,-9.682076186793951,0.0,0.0,True
Guatemala,Maya,Ladina/Mestiza,-1.1862831864243364,0.05272564799312289,-22.4991675129164,0.0,0.0,True
