country,ethnicity_i,ethnicity_j,gap_mean,gap_se,z,p_raw,p_holm,significant_0.05
Georgia,Azeri,Armenian,-1.3560013803485629,0.26989713192663645,-5.024141496683825,5.056894532007306e-07,1.0113789064014611e-06,True
Georgia,Azeri,Georgian,-1.4664126707641216,0.14242728410824035,-10.295869081163502,0.0,0.0,True
Georgia,Armenian,Georgian,-0.11041129041555875,0.23255379492488912,-0.4747774184945883,0.6349456299198792,0.6349456299198792,False
