country,ethnicity_i,ethnicity_j,gap_mean,gap_se,z,p_raw,p_holm,significant_0.05
Albania,Roma,Egyptian,-0.44350784079945393,0.2539959271777775,-1.746121860013262,0.08078977904215967,0.08078977904215967,False
Albania,Roma,Albanian,-0.8138126417772065,0.24769203001036746,-3.2855826719299097,0.0010177167199862946,0.003053150159958884,True
Albania,Egyptian,Albanian,-0.37030480097775254,0.12251107761815247,-3.022623000117048,0.0025059422018118838,0.0050118844036237675,True
