country,ethnicity_i,ethnicity_j,gap_mean,gap_se,z,p_raw,p_holm,significant_0.05
Guyana,Amerindian,Mixed Race,-1.7486722806752562,0.09334221610021291,-18.73399147495993,0.0,0.0,True
Guyana,Amerindian,East Indian,-1.8922391191244887,0.06921937186287365,-27.33684325932761,0.0,0.0,True
Guyana,Amerindian,Black,-2.0670653829889423,0.07678829050486807,-26.91901811328771,0.0,0.0,True
Guyana,Mixed Race,East Indian,-0.14356683844923257,0.09809392475813217,-1.4635650352784015,0.14331283183886323,0.14331283183886323,False
Guyana,Mixed Race,Black,-0.3183931023136859,0.09548107201927282,-3.334620104070662,0.000854160048609387,0.002562480145828161,True
Guyana,East Indian,Black,-0.17482626386445332,0.08429405581447046,-2.074004651635727,0.03807887885368455,0.0761577577073691,False
