country,ethnicity_i,ethnicity_j,gap_mean,gap_se,z,p_raw,p_holm,significant_0.05
Kyrgyzstan,Uzbek,Kyrgyz,-0.4737976883944408,0.13317366900493474,-3.557742997806002,0.000374055017521302,0.000374055017521302,True
Kyrgyzstan,Uzbek,Russian,-1.5669424115666635,0.16851849653177836,-9.298340798282505,0.0,0.0,True
Kyrgyzstan,Kyrgyz,Russian,-1.0931447231722227,0.13749014258857717,-7.950713430004416,1.7763568394002505e-15,3.552713678800501e-15,True
