country,ethnicity_i,ethnicity_j,gap_mean,gap_se,z,p_raw,p_holm,significant_0.05
Lao PDR,Mon-Khmer,Chinese-Tibetan,-0.03912815826626037,0.10106964474900834,-0.38714055405487396,0.6986521561275079,0.6986521561275079,False
Lao PDR,Mon-Khmer,Hmong-Mien,-0.19126746072552914,0.08235235970022453,-2.3225498506876137,0.02020334744690011,0.06061004234070033,False
Lao PDR,Mon-Khmer,Lao-Tai,-1.8844454705854679,0.05545663761148964,-33.980521570515194,0.0,0.0,True
Lao PDR,Chinese-Tibetan,Hmong-Mien,-0.15213930245926877,0.11357470360800052,-1.3395527139949468,0.18039080571413102,0.36078161142826204,False
Lao PDR,Chinese-Tibetan,Lao-Tai,-1.8453173123192075,0.09546892326147971,-19.328984231497724,0.0,0.0,True
Lao PDR,Hmong-Mien,Lao-Tai,-1.6931780098599387,0.07588328392175488,-22.31292482815868,0.0,0.0,True
