country,ethnicity_i,ethnicity_j,gap_mean,gap_se,z,p_raw,p_holm,significant_0.05
Kazakhstan,Kazakh,Russian,-0.5240439651304709,0.0749890546257317,-6.988272725212497,2.7828850335254174e-12,2.7828850335254174e-12,True
