country,ethnicity_i,ethnicity_j,gap_mean,gap_se,z,p_raw,p_holm,significant_0.05
Belize,Maya,Mestizo/Spanish/Latino,-1.1645253488759988,0.1633348326351154,-7.129681587745034,1.0060841049153169e-12,4.0243364196612674e-12,True
Belize,Maya,Garifuna,-1.4926581129349603,0.18175543896678467,-8.212453621306704,2.220446049250313e-16,1.1102230246251565e-15,True
Belize,Maya,Creole,-1.6824631047273455,0.17185472539904947,-9.790031090624007,0.0,0.0,True
Belize,Mestizo/Spanish/Latino,Garifuna,-0.3281327640589615,0.12281043871600884,-2.671863788531423,0.007543126045020276,0.015086252090040553,True
Belize,Mestizo/Spanish/Latino,Creole,-0.5179377558513467,0.10465079887871397,-4.94920021061297,7.451906187672108e-07,2.2355718563016325e-06,True
Belize,Garifuna,Creole,-0.1898049917923852,0.1337256524929545,-1.4193611192316693,0.15579376168132142,0.15579376168132142,False
