country,ethnicity_i,ethnicity_j,gap_mean,gap_se,z,p_raw,p_holm,significant_0.05
Serbia,Roma,Bosnian,-0.811010934831605,0.26837678513415747,-3.021911654639551,0.002511838455229398,0.002511838455229398,True
Serbia,Roma,Serb,-2.0535473850717025,0.12642418485763343,-16.24331125713175,0.0,0.0,True
Serbia,Bosnian,Serb,-1.2425364502400975,0.24802691278102898,-5.009683974646224,5.451948710266663e-07,1.0903897420533326e-06,True
